{"stats":{"minecraft:custom":{"minecraft:time_since_rest":7958,"minecraft:walk_one_cm":17854,"minecraft:crouch_one_cm":8,"minecraft:play_time":9589,"minecraft:sprint_one_cm":8081,"minecraft:damage_taken":262,"minecraft:deaths":1,"minecraft:sneak_time":3,"minecraft:jump":93,"minecraft:damage_dealt":132,"minecraft:leave_game":1,"minecraft:time_since_death":8197,"minecraft:total_world_time":9589,"minecraft:fall_one_cm":2760,"minecraft:fly_one_cm":10440},"minecraft:crafted":{"minecraft:oak_planks":16},"minecraft:picked_up":{"minecraft:stick":1,"minecraft:oak_log":9,"minecraft:oak_sapling":10,"minecraft:oak_planks":3,"minecraft:dirt":19},"minecraft:killed_by":{"grimoireofgaia:mandragora":1},"minecraft:mined":{"minecraft:grass_block":17,"minecraft:oak_log":10,"minecraft:dirt":12,"minecraft:birch_leaves":61,"minecraft:oak_planks":7,"minecraft:oak_leaves":405},"minecraft:used":{"minecraft:oak_log":1,"minecraft:dirt":12,"minecraft:oak_planks":16,"tombstone:gift":1}},"DataVersion":3120}